{
  "k": 10,
  "validation": {
    "precision_at_k": 0.07621960867042878,
    "recall_at_k": 0.09450904134471746,
    "ndcg_at_k": 0.11184213218083841,
    "map_at_k": 0.05347586449644308
  },
  "test": {
    "precision_at_k": 0.07473367788207995,
    "recall_at_k": 0.0935275059068729,
    "ndcg_at_k": 0.10969019009039455,
    "map_at_k": 0.05221464005008067
  }
}