{
  "k": 10,
  "n_components": 150,
  "explained_variance_ratio": 0.32527971267700195,
  "search_results": [
    {
      "n_components": 20,
      "precision_at_k": 0.1132429724170666,
      "recall_at_k": 0.14785656149049586,
      "ndcg_at_k": 0.17650590857124385,
      "map_at_k": 0.09731646825812074
    },
    {
      "n_components": 100,
      "precision_at_k": 0.1378197352460313,
      "recall_at_k": 0.19112974838868185,
      "ndcg_at_k": 0.20076471005010715,
      "map_at_k": 0.11203088628208738
    },
    {
      "n_components": 150,
      "precision_at_k": 0.14176467485892097,
      "recall_at_k": 0.20130802956816043,
      "ndcg_at_k": 0.2056384875405363,
      "map_at_k": 0.11484570651007679
    },
    {
      "n_components": 50,
      "precision_at_k": 0.12853225040873373,
      "recall_at_k": 0.17099289276331267,
      "ndcg_at_k": 0.18901232728805528,
      "map_at_k": 0.10425541542359648
    }
  ],
  "validation": {
    "precision_at_k": 0.14176467485892097,
    "recall_at_k": 0.20130802956816043,
    "ndcg_at_k": 0.2056384875405363,
    "map_at_k": 0.11484570651007679
  },
  "test": {
    "precision_at_k": 0.139848117287206,
    "recall_at_k": 0.20171414600131654,
    "ndcg_at_k": 0.20324615600654183,
    "map_at_k": 0.1136531168166384
  }
}