{
  "k": 10,
  "n_neighbors": 50,
  "neighbor_pool_size": 20000,
  "eval_sample_size": 3000,
  "search_results": [
    {
      "n_neighbors": 10,
      "precision_at_k": 0.14529999999999998,
      "recall_at_k": 0.22951289222117618,
      "ndcg_at_k": 0.23599120024900908,
      "map_at_k": 0.14030318536365163
    },
    {
      "n_neighbors": 30,
      "precision_at_k": 0.15536666666666668,
      "recall_at_k": 0.24494569184909568,
      "ndcg_at_k": 0.2494382582292945,
      "map_at_k": 0.14907893067103384
    },
    {
      "n_neighbors": 50,
      "precision_at_k": 0.15543333333333337,
      "recall_at_k": 0.2459295903876134,
      "ndcg_at_k": 0.2504989657190952,
      "map_at_k": 0.14955582441001092
    },
    {
      "n_neighbors": 20,
      "precision_at_k": 0.15386666666666668,
      "recall_at_k": 0.24441701860489734,
      "ndcg_at_k": 0.24703608224111706,
      "map_at_k": 0.14716861615016374
    }
  ],
  "validation": {
    "precision_at_k": 0.15543333333333337,
    "recall_at_k": 0.2459295903876134,
    "ndcg_at_k": 0.2504989657190952,
    "map_at_k": 0.14955582441001092
  },
  "test": {
    "precision_at_k": 0.15843333333333334,
    "recall_at_k": 0.25571309427351724,
    "ndcg_at_k": 0.2580873226707455,
    "map_at_k": 0.15619960117997816
  }
}