model,precision_at_k,recall_at_k,ndcg_at_k,map_at_k,hit_rate_at_k,coverage_at_k,inference_latency_ms,model_size_mb
popularity,0.07473367788207995,0.0935275059068729,0.10969019009039455,0.05221464005008067,0.47289315473051363,0.0033333333333333335,5.270808372501582e-05,0.02303314208984375
item_based_cf,0.1292426959181521,0.2236194213956057,0.21719785440370326,0.12744316001352002,0.6722392152726505,0.8073333333333333,0.08151875984667474,29.034459114074707
user_based_cf,0.127,0.20508217139651425,0.21169346971994263,0.12266861992945326,0.6656666666666666,0.7296666666666667,0.5361699263254801,4.314830780029297
matrix_factorization,0.139848117287206,0.20171414600131654,0.20324615600654183,0.1136531168166384,0.6635903385718807,0.21533333333333332,0.03444939748029545,74.048095703125
ncf,0.07498154203143129,0.09295480410802218,0.10930593828320431,0.05185015444854515,0.47262946946524625,0.014333333333333333,4.9801317024251075,31.880467414855957
