{
  "k": 10,
  "top_m": 3000,
  "search_results": [
    {
      "top_m": 50,
      "precision_at_k": 0.11494119508464744,
      "recall_at_k": 0.19354893797321698,
      "ndcg_at_k": 0.19475065610137804,
      "map_at_k": 0.11304259182454965
    },
    {
      "top_m": 300,
      "precision_at_k": 0.1264912188175729,
      "recall_at_k": 0.2126065164367903,
      "ndcg_at_k": 0.21113084291352105,
      "map_at_k": 0.12337516512258807
    },
    {
      "top_m": 3000,
      "precision_at_k": 0.13067876166868836,
      "recall_at_k": 0.22214801462874315,
      "ndcg_at_k": 0.21703016080040424,
      "map_at_k": 0.12715331866338098
    },
    {
      "top_m": 100,
      "precision_at_k": 0.12212436052950794,
      "recall_at_k": 0.20435804792877468,
      "ndcg_at_k": 0.205288851467677,
      "map_at_k": 0.1199051813784561
    }
  ],
  "validation": {
    "precision_at_k": 0.13067876166868836,
    "recall_at_k": 0.22214801462874315,
    "ndcg_at_k": 0.21703016080040424,
    "map_at_k": 0.12715331866338098
  },
  "test": {
    "precision_at_k": 0.1292426959181521,
    "recall_at_k": 0.2236194213956057,
    "ndcg_at_k": 0.21719785440370326,
    "map_at_k": 0.12744316001352002
  }
}